date,location,sq_ft,description,value,savings,agency
5/7/2025,"SYRACUSE, NY",3582,True Termination- Move to Federal Space,59660,0,VETERANS BENEFITS ADMINISTRATION
5/7/2025,"SYRACUSE, NY",1250,True Termination- Move to Federal Space,20264,0,OFFICE OF THE INSPECTOR GENERAL
4/28/2025,"WEST NYACK, NY",5000,Agency Identified Terminations,152848,420436,INTERNAL REVENUE SERVICE NATIONAL OFFICE
4/28/2025,"ELMIRA, NY",3528,Agency Identified Terminations,51009,135977,INTERNAL REVENUE SERVICE NATIONAL OFFICE
4/28/2025,"WHEELING, WV",3418,Agency Identified Terminations,49526,213571,INTERNAL REVENUE SERVICE NATIONAL OFFICE
4/28/2025,"SAINT PETERSBURG, FL",30426,Agency Identified Terminations,720506,1600906,INTERNAL REVENUE SERVICE NATIONAL OFFICE
4/28/2025,"TAMPA, FL",21376,Agency Identified Terminations,760986,760986,INTERNAL REVENUE SERVICE NATIONAL OFFICE
4/28/2025,"FORT PIERCE, FL",800,Agency Identified Terminations,16268,4056,SMALL BUSINESS ADMINISTRATION
4/28/2025,"TALLAHASSEE, FL",4686,True Termination- Agency Closed Office,110032,0,SOCIAL SECURITY ADMINISTRATION
4/28/2025,"FARMINGTON HILLS, MI",18031,Agency Identified Terminations,439314,587357,INTERNAL REVENUE SERVICE NATIONAL OFFICE
4/28/2025,"PEWAUKEE, WI",14716,Agency Identified Terminations,262585,458984,INTERNAL REVENUE SERVICE NATIONAL OFFICE
4/28/2025,"LOS ANGELES, CA",6500,Agency Identified Terminations,348000,0,DOD -WHS
4/28/2025,"WALNUT CREEK, CA",8017,Agency Identified Terminations,249458,0,INTERNAL REVENUE SERVICE NATIONAL OFFICE
4/21/2025,"NORTH PLATTE, NE",519,Termination by Region,2765,10227,ANIMAL AND PLANT HEALTH INSPECTION SERVICE
4/16/2025,"NEW YORK, NY",928,True Termination- Agency Closed Office,52356,0,DHS USSS
4/15/2025,"NACOGDOCHES, TX",1717,,43207,79193,SOCIAL SECURITY ADMINISTRATION
4/4/2025,"SAN JOSE, CA",5736,,308476,988813,EQUAL EMPLOYMENT OPPORTUNITY COMMISSION
4/3/2025,"ISELIN, NJ",5278,Termination via Mass Mod,158576,0,FED MED & CONCIL SRV
4/3/2025,"PONCE, PR",270,Termination via Mass Mod,10727,75119,"EMPLOYMENT STANDARDS ADMINISTRATION, WAGE AND HOUR DIVI"
4/3/2025,"BALTIMORE, MD",103579,Termination via Mass Mod,2402919,0,CENTERS FOR MEDICARE AND MEDICAID SERVICES
4/3/2025,"PORTSMOUTH, VA",1730,Termination via Mass Mod,37830,189253,FED MED & CONCIL SRV
4/3/2025,"GREENVILLE, NC",7701,True Termination- Agency Closed Office,148367,148367,RURAL HOUSING SERVICE
4/3/2025,"CLEVELAND, OH",10818,Termination via Mass Mod,289621,290415,DEPARTMENT OF EDUCATION
4/3/2025,"FAIRFIELD, CA",19413,Termination via Mass Mod,645525,3227627,JOINT FORCES HEADQUARTERS NCR/MILITARY DC WASH
4/3/2025,"WASHINGTON, DC",17500,Termination via Mass Mod,179604,0,DEPARTMENT OF EDUCATION
4/3/2025,"WASHINGTON, DC",27714,Termination via Mass Mod,1238963,0,INSTITUTE MUSM SERV
4/1/2025,"NORTH CHARLESTON, SC",75000,True Termination- Agency Closed Office,725132,25827,DEPARTMENT OF AIR FORCE
3/28/2025,"INDEPENDENCE, OH",6609,True Termination- Agency Closed Office,137951,542735,FED MED & CONCIL SRV
3/13/2025,"IDAHO FALLS, ID",1920,Terminating to align with the adminstrations reduction goals,34856,225272,AGRICULTURAL MARKETING SERVICE
3/12/2025,"MINOT, ND",833,Soft Term Terminations via PBS Commissioner Letter 2.25.25,18441,44560,UNITED STATES FISH AND WILDLIFE SERVICE
3/12/2025,"SALT LAKE CITY, UT",6300,Soft Term Terminations via PBS Commissioner Letter 2.25.25,95124,475881,FOOD AND DRUG ADMINISTRATION
3/11/2025,"BUFFALO, NY",2178,True Termination- Agency Closed Office,44352,144236,FED MED & CONCIL SRV
3/7/2025,"LITTLETON, CO",1250,Soft Term Terminations via PBS Commissioner Letter 2.25.25,20859,19144,UNITED STATES FISH AND WILDLIFE SERVICE
3/7/2025,"GREAT FALLS, MT",3310,Soft Term Terminations via PBS Commissioner Letter 2.25.25,21021,38471,UNITED STATES TRUSTEES
3/4/2025,"NEW YORK, NY",10728,Termination via Mass Mod,623895,1871686,FEDERAL ENERGY REGULATORY COMMISSION
3/4/2025,"HATO REY, PR",25985,Termination via Mass Mod,1124560,7875004,OFFICE OF THE SECRETARY
3/4/2025,"SAN JUAN, PR",5918,Termination via Mass Mod,260830,390173,UNITED STATES TRUSTEES
3/4/2025,"CHARLES TOWN, WV",39037,Termination via Mass Mod,953424,9539468,NATIONAL PARK SERVICE
3/4/2025,"ROCK VIEW, WV",20781,Termination via Mass Mod,566978,0,MINE SAFETY HEALTH ADMINISTRATION
3/4/2025,"NORCROSS, GA",15120,Termination via Mass Mod,219857,0,ENVIRONMENTAL PROTECTION AGENCY
3/4/2025,"MEMPHIS, TN",2962,Termination via Mass Mod,81853,479905,NATIONAL LABOR RELATIONS BOARD
3/4/2025,"OAK RIDGE, TN",2164,Termination via Mass Mod,42458,212288,"EMPLOY. STANDARDS ADMIN., OFC OF WORKERS' COMP. PRGMS"
3/4/2025,"JOLIET, IL",500,Termination via Mass Mod,6667,33354,"EMPLOY. AND TRAIN. ADMIN., BUR. OF APPRENTICESHIP AND T"
3/4/2025,"BLOOMINGTON, IN",9400,Termination via Mass Mod,177473,532906,UNITED STATES FISH AND WILDLIFE SERVICE
3/4/2025,"FRANKLIN, IN",2307,Termination via Mass Mod,38432,76970,UNITED STATES FISH AND WILDLIFE SERVICE
3/4/2025,"INDIANAPOLIS, IN",2409,Termination via Mass Mod,70798,141789,"EMPLOYMENT STANDARDS ADMINISTRATION, WAGE AND HOUR DIVI"
3/4/2025,"CLEVELAND, OH",28704,Termination via Mass Mod,758610,0,OFFICE OF THE SECRETARY
3/4/2025,"MADISON, WI",3686,Termination via Mass Mod,104612,104612,SMALL BUSINESS ADMINISTRATION
3/4/2025,"MILWAUKEE, WI",17556,Termination via Mass Mod,405424,1217384,OFFICE OF THE SECRETARY
3/4/2025,"RICE LAKE, WI",1150,Termination via Mass Mod,27839,27839,GEOLOGICAL SURVEY
3/4/2025,"LITTLE ROCK, AR",8352,Termination via Mass Mod,180126,0,"EMPLOYMENT STANDARDS ADMINISTRATION, WAGE AND HOUR DIVI"
3/4/2025,"OKLAHOMA CITY, OK",16925,Termination via Mass Mod,320994,1284854,GEOLOGICAL SURVEY
3/4/2025,"HOUSTON, TX",22809,Termination via Mass Mod,401651,2008253,OFFICE OF NATURAL RESOURCES AND REVENUE
3/4/2025,"LAKEWOOD, CO",18144,True Termination- Move to Federal Space,428782,0,OFFICE OF THE SOLICITOR
3/4/2025,"MOAB, UT",35358,Termination via Mass Mod,810064,8105077,GEOLOGICAL SURVEY
3/4/2025,"LANDER, WY",7601,Termination via Mass Mod,111187,778616,UNITED STATES FISH AND WILDLIFE SERVICE
3/4/2025,"PHOENIX, AZ",13253,Termination via Mass Mod,346555,0,NATIONAL LABOR RELATIONS BOARD
3/4/2025,"CAMP VERDE, AZ",2300,Termination via Mass Mod,50401,100802,NATIONAL PARK SERVICE
3/4/2025,"PALM SPRINGS, CA",5310,Termination via Mass Mod,205234,410468,UNITED STATES FISH AND WILDLIFE SERVICE
3/4/2025,"LAS VEGAS, NV",1513,Termination via Mass Mod,29549,295651,"EMPLOY. STANDARDS ADMIN., OFC OF WORKERS' COMP. PRGMS"
3/4/2025,"WASHINGTON, DC",76200,Termination via Mass Mod,3639020,0,DEPARTMENT OF HOUSING AND URBAN DEVELOPMENT
3/4/2025,"WASHINGTON, DC",62124,Termination via Mass Mod,3426843,0,DEPARTMENT OF JUSTICE
3/4/2025,"WASHINGTON, DC",33675,Termination via Mass Mod,2157949,0,OFFICE OF THE INSPECTOR GENERAL
3/4/2025,"ALEXANDRIA, VA",55159,Termination via Mass Mod,2272949,0,SIGPR
3/3/2025,"CHELSEA, MA",2500,Termination via Mass Mod,96026,224413,UNITED STATES FISH AND WILDLIFE SERVICE
3/3/2025,"OSWEGO, NY",4875,Termination via Mass Mod,108197,18082,GEOLOGICAL SURVEY
3/3/2025,"POTSDAM, NY",1748,Termination via Mass Mod,12943,41630,GEOLOGICAL SURVEY
3/3/2025,"VALLEY STREAM, NY",9493,Termination via Mass Mod,345179,719674,UNITED STATES FISH AND WILDLIFE SERVICE
3/3/2025,"SOMERSET, PA",2361,Termination via Mass Mod,29693,86720,NATIONAL PARK SERVICE
3/3/2025,"GLOUCESTER, VA",11281,Termination via Mass Mod,308963,493494,UNITED STATES FISH AND WILDLIFE SERVICE
3/3/2025,"RICHMOND, VA",4380,Termination via Mass Mod,76911,513089,UNITED STATES FISH AND WILDLIFE SERVICE
3/3/2025,"FAIRHOPE, AL",5132,Termination via Mass Mod,176859,707922,UNITED STATES FISH AND WILDLIFE SERVICE
3/3/2025,"JACKSONVILLE, FL",2700,Termination via Mass Mod,42390,145287,UNITED STATES FISH AND WILDLIFE SERVICE
3/3/2025,"PANAMA CITY, FL",13000,Termination via Mass Mod,246957,123140,UNITED STATES FISH AND WILDLIFE SERVICE
3/3/2025,"LOUISVILLE, KY",21950,Termination via Mass Mod,507129,1289357,GEOLOGICAL SURVEY
3/3/2025,"ANN ARBOR, MI",4800,Termination via Mass Mod,86301,336220,UNITED STATES FISH AND WILDLIFE SERVICE
3/3/2025,"WINONA, MN",6827,Termination via Mass Mod,118449,528313,UNITED STATES FISH AND WILDLIFE SERVICE
3/3/2025,"MADISON, WI",7125,Termination via Mass Mod,187168,546632,UNITED STATES FISH AND WILDLIFE SERVICE
2/28/2025,"HARTFORD, CT",24647,Termination via Mass Mod,671727,1231192,OFFICE OF THE SECRETARY
2/28/2025,"BALTIMORE, MD",1812,Termination via Mass Mod,42993,39342,UNITED STATES FISH AND WILDLIFE SERVICE
2/28/2025,"RICHMOND, VA",19277,Termination via Mass Mod,342341,962305,GEOLOGICAL SURVEY
2/28/2025,"CHARLESTON, WV",1692,Termination via Mass Mod,51245,245978,FEDERAL MOTOR CARRIER SAFETY ADMINISTRATION
2/28/2025,"CHARLESTON, WV",10875,Termination via Mass Mod,222716,1532166,GEOLOGICAL SURVEY
2/28/2025,"TALLAHASSEE, FL",3802,Termination via Mass Mod,142115,693055,GEOLOGICAL SURVEY
2/28/2025,"HOMESTEAD, FL",21356,Termination via Mass Mod,545466,1226926,NATIONAL PARK SERVICE
2/28/2025,"ATLANTA, GA",25422,Termination via Mass Mod,678914,223205,OFFICE OF THE SECRETARY
2/28/2025,"LOUISVILLE, KY",3938,Termination via Mass Mod,101765,275464,FOOD AND DRUG ADMINISTRATION
2/28/2025,"NORTH CHARLESTON, SC",465,Termination via Mass Mod,13725,38920,SMALL BUSINESS ADMINISTRATION
2/28/2025,"CHICAGO, IL",4651,Termination via Mass Mod,142746,277279,FEDERAL LABOR RELATIONS AUTHORITY
2/28/2025,"LISLE, IL",13104,Termination via Mass Mod,424359,353438,FOOD AND DRUG ADMINISTRATION
2/28/2025,"ST. PAUL, MN",4246,Termination via Mass Mod,114723,535585,FEDERAL HIGHWAY ADMINISTRATION
2/28/2025,"CLEVELAND, OH",5722,Termination via Mass Mod,145182,325366,SMALL BUSINESS ADMINISTRATION
2/28/2025,"MILWAUKEE, WI",10226,Termination via Mass Mod,258805,172300,NATIONAL LABOR RELATIONS BOARD
2/28/2025,"DERBY, KS",1365,Termination via Mass Mod,19776,92324,UNITED STATES FISH AND WILDLIFE SERVICE
2/28/2025,"SALINA, KS",2203,Termination via Mass Mod,47489,186182,INTERNAL REVENUE SERVICE NATIONAL OFFICE
2/28/2025,"OMAHA, NE",1875,Termination via Mass Mod,34357,91682,FOOD AND DRUG ADMINISTRATION
2/28/2025,"LITTLE ROCK, AR",19005,Termination via Mass Mod,351510,3114473,GEOLOGICAL SURVEY
2/28/2025,"SANTA FE, NM",5847,Termination via Mass Mod,150950,732004,FEDERAL HIGHWAY ADMINISTRATION
2/28/2025,"TULSA, OK",5682,Termination via Mass Mod,109426,87541,DEPARTMENT OF HOUSING AND URBAN DEVELOPMENT
2/28/2025,"LAREDO, TX",2645,Termination via Mass Mod,55680,231567,UNITED STATES FISH AND WILDLIFE SERVICE
2/28/2025,"FORT WORTH, TX",5835,Termination via Mass Mod,157720,569522,FEDERAL RAILROAD ADMINISTRATION
2/28/2025,"DURANGO, CO",8900,Termination via Mass Mod,246856,493712,BUREAU OF RECLAMATION
2/28/2025,"GOLDEN, CO",8219,Termination via Mass Mod,191353,517963,GEOLOGICAL SURVEY
2/28/2025,"BOZEMAN, MT",7853,Termination via Mass Mod,241265,674219,UNITED STATES FISH AND WILDLIFE SERVICE
2/28/2025,"BOZEMAN, MT",15605,Termination via Mass Mod,369838,1387147,GEOLOGICAL SURVEY
2/28/2025,"RAPID CITY, SD",2252,Termination via Mass Mod,53198,146330,OFFICE OF HEARING AND APPEALS
2/28/2025,"SIOUX FALLS, SD",1217,Termination via Mass Mod,28749,131771,DEPARTMENTAL MANAGEMENT (IG)
2/28/2025,"RAPID CITY, SD",1518,Termination via Mass Mod,43938,267482,"FAS, REG 08 FLEET MANAGEMENT FACILITIES"
2/28/2025,"WEST VALLEY CITY, UT",8482,Termination via Mass Mod,116431,475930,UNITED STATES FISH AND WILDLIFE SERVICE
2/28/2025,"MOAB, UT",4750,Termination via Mass Mod,134100,91482,GEOLOGICAL SURVEY
2/28/2025,"SAN DIEGO, CA",6374,Termination via Mass Mod,454339,339820,FOOD AND DRUG ADMINISTRATION
2/28/2025,"LONG BEACH, CA",24167,Termination via Mass Mod,952904,1112157,FOOD AND DRUG ADMINISTRATION
2/28/2025,"ARCATA, CA",25500,Termination via Mass Mod,644211,995438,NATIONAL PARK SERVICE
2/28/2025,"ANCHORAGE, AK",14805,Termination via Mass Mod,664745,1996055,OFFICE OF THE SECRETARY
2/28/2025,"LAPWAI, ID",6068,Termination via Mass Mod,112124,860128,BUREAU OF INDIAN AFFAIRS
2/28/2025,"BOISE, ID",5890,Termination via Mass Mod,122218,962672,OFFICE OF THE SOLICITOR
2/28/2025,"BAKER CITY, OR",7030,Termination via Mass Mod,204936,823673,BUREAU OF LAND MANAGEMENT
2/28/2025,"TOPPENISH, WA",17107,Termination via Mass Mod,533985,1113322,BUREAU OF INDIAN AFFAIRS
2/27/2025,"MANSFIELD, OH",1047,True Termination- Agency Closed Office,15188,27963,SOCIAL SECURITY ADMINISTRATION
2/27/2025,"WAUSAU, WI",1851,True Termination- Agency Closed Office,34211,51082,SOCIAL SECURITY ADMINISTRATION
2/26/2025,"WALLINGFORD, CT",2711,Termination via Mass Mod,80590,16780,ANIMAL AND PLANT HEALTH INSPECTION SERVICE
2/26/2025,"UXBRIDGE, MA",4852,Termination via Mass Mod,101811,420911,ANIMAL AND PLANT HEALTH INSPECTION SERVICE
2/26/2025,"SPRINGFIELD, MA",599,Termination via Mass Mod,9995,38338,"EMPLOYMENT STANDARDS ADMINISTRATION, WAGE AND HOUR DIVI"
2/26/2025,"NARRAGANSETT PIER, RI",674,Termination via Mass Mod,23937,197992,NATIONAL OCEANIC ATMOSPHERIC ADMINISTRATION
2/26/2025,"EAST PROVIDENCE, RI",1556,Termination via Mass Mod,38867,126503,FEDERAL MOTOR CARRIER SAFETY ADMINISTRATION
2/26/2025,"BARRE, VT",287,Termination via Mass Mod,9369,13245,NATIONAL OCEANIC ATMOSPHERIC ADMINISTRATION
2/26/2025,"WALL TOWNSHIP, NJ",1768,Termination via Mass Mod,51366,179852,NATIONAL OCEANIC ATMOSPHERIC ADMINISTRATION
2/26/2025,"NEWARK, NJ",14736,Termination via Mass Mod,633783,2125344,FOOD AND DRUG ADMINISTRATION
2/26/2025,"PRINCETON, NJ",3780,Termination via Mass Mod,111100,472706,FEDERAL MOTOR CARRIER SAFETY ADMINISTRATION
2/26/2025,"MOUNTAINSIDE, NJ",3451,Termination via Mass Mod,97360,122167,OFFICE OF INSPECTOR GENERAL
2/26/2025,"EDISON, NJ",4160,Termination via Mass Mod,129100,360420,DEPARTMENTAL MANAGEMENT (IG)
2/26/2025,"SYRACUSE, NY",33548,Termination via Mass Mod,543571,519743,FARM SERVICE AGENCY- STATE
2/26/2025,"WHITE PLAINS, NY",2071,Termination via Mass Mod,67169,203531,INTERNATIONAL TRADE ADMINISTRATION
2/26/2025,"GUAYNABO, PR",22391,Termination via Mass Mod,1123290,1406421,ENVIRONMENTAL PROTECTION AGENCY
2/26/2025,"LARES, PR",2700,Termination via Mass Mod,80561,305471,FARM SERVICE AGENCY - COUNTY
2/26/2025,"PONCE, PR",3218,Termination via Mass Mod,134785,472670,FARM SERVICE AGENCY - COUNTY
2/26/2025,"WILMINGTON, DE",3464,Termination via Mass Mod,95385,310982,FOOD AND DRUG ADMINISTRATION
2/26/2025,"WILMINGTON, DE",2950,Termination via Mass Mod,84288,280575,FEDERAL RAILROAD ADMINISTRATION
2/26/2025,"BALTIMORE, MD",6160,Termination via Mass Mod,130222,297192,SMALL BUSINESS ADMINISTRATION
2/26/2025,"BALTIMORE, MD",3090,Termination via Mass Mod,77572,219115,FOOD AND DRUG ADMINISTRATION
2/26/2025,"ANNAPOLIS, MD",5300,Termination via Mass Mod,158978,73173,FARM SERVICE AGENCY- STATE
2/26/2025,"MT LAUREL, NJ",7111,Termination via Mass Mod,145162,387365,RURAL HOUSING SERVICE
2/26/2025,"LAWRENCEVILLE, NJ",3420,Termination via Mass Mod,87934,293434,"EMPLOYMENT STANDARDS ADMINISTRATION, WAGE AND HOUR DIVI"
2/26/2025,"ROBBINSVILLE, NJ",28930,Termination via Mass Mod,488641,1751076,FOOD AND NUTRITION SERVICE (FNS)
2/26/2025,"PHILADELPHIA, PA",3492,Termination via Mass Mod,87941,89146,INTERNATIONAL TRADE ADMINISTRATION
2/26/2025,"PHILADELPHIA, PA",4962,Termination via Mass Mod,146265,124626,BUREAU OF PRISONS
2/26/2025,"KING OF PRUSSIA, PA",3173,Termination via Mass Mod,58794,137401,OFFICE OF THE INSPECTOR GENERAL
2/26/2025,"MOUNT PLEASANT, PA",12964,Termination via Mass Mod,237785,800001,MINE SAFETY HEALTH ADMINISTRATION
2/26/2025,"CHARLESTON, WV",3122,Termination via Mass Mod,49282,120707,OFFICE OF THE SECRETARY
2/26/2025,"MARTINSBURG, WV",525,Termination via Mass Mod,12066,48295,"EMPLOY. AND TRAIN. ADMIN., BUR. OF APPRENTICESHIP AND T"
2/26/2025,"MONTGOMERY, AL",15792,Termination via Mass Mod,274537,801799,FOREST SERVICE
2/26/2025,"MONTGOMERY, AL",2662,Termination via Mass Mod,59444,158626,FEDERAL MOTOR CARRIER SAFETY ADMINISTRATION
2/26/2025,"PLANTATION, FL",14691,Termination via Mass Mod,414703,699883,FOOD AND DRUG ADMINISTRATION
2/26/2025,"SUNRISE, FL",1858,Termination via Mass Mod,52972,81562,NATIONAL OCEANIC ATMOSPHERIC ADMINISTRATION
2/26/2025,"TALLAHASSEE, FL",17770,Termination via Mass Mod,318982,1116874,FOREST SERVICE
2/26/2025,"TALLAHASSEE, FL",1440,Termination via Mass Mod,39692,291438,FOOD AND DRUG ADMINISTRATION
2/26/2025,"PENSACOLA, FL",690,Termination via Mass Mod,18036,56629,"EMPLOYMENT STANDARDS ADMINISTRATION, WAGE AND HOUR DIVI"
2/26/2025,"SAVANNAH, GA",1848,Termination via Mass Mod,39214,163519,"EMPLOYMENT STANDARDS ADMINISTRATION, WAGE AND HOUR DIVI"
2/26/2025,"ATLANTA, GA",34146,Termination via Mass Mod,869474,433546,BUREAU OF PRISONS
2/26/2025,"ATLANTA, GA",3354,Termination via Mass Mod,77081,162820,OFFICE OF THE SECRETARY
2/26/2025,"LOUISVILLE, KY",2184,Termination via Mass Mod,38239,112831,OFFICE OF THE SECRETARY
2/26/2025,"LOUISVILLE, KY",2463,Termination via Mass Mod,51674,191830,DEPARTMENTAL MANAGEMENT (IG)
2/26/2025,"GREENSBORO, NC",1579,Termination via Mass Mod,24985,16634,HHS FDA
2/26/2025,"MEMPHIS, TN",3398,Termination via Mass Mod,81736,354710,NATIONAL APPEALS DIVISION
2/26/2025,"GALLATIN, TN",6017,Termination via Mass Mod,119016,486499,NATURAL RESOURCES CONSERVATION SERVICE
2/26/2025,"SPRINGFIELD, IL",2128,Termination via Mass Mod,42315,149087,"EMPLOY. AND TRAIN. ADMIN., BUR. OF APPRENTICESHIP AND T"
2/26/2025,"LISLE, IL",1520,Termination via Mass Mod,41586,48649,"FED ACQUISITION SRVC, REG 05 FLEET MGMT FACILITIES"
2/26/2025,"GRAND RAPIDS, MI",2145,Termination via Mass Mod,51742,205551,DEPARTMENTAL MANAGEMENT (IG)
2/26/2025,"DETROIT, MI",856,Termination via Mass Mod,17120,72842,AGRICULTURAL MARKETING SERVICE
2/26/2025,"MINNEAPOLIS, MN",3499,Termination via Mass Mod,102390,51055,"EMPLOYMENT STANDARDS ADMINISTRATION, WAGE AND HOUR DIVI"
2/26/2025,"MINNEAPOLIS, MN",4256,Termination via Mass Mod,136192,67909,"EMPLOY. STANDARDS ADMIN., OFC OF CONTRACT COMPLIANCE PR"
2/26/2025,"CLEVELAND, OH",2287,Termination via Mass Mod,70988,233580,DEPARTMENTAL MANAGEMENT (IG)
2/26/2025,"CINCINNATI, OH",2247,Termination via Mass Mod,49014,32631,SMALL BUSINESS ADMINISTRATION
2/26/2025,"CLEVELAND, OH",45455,Termination via Mass Mod,1055364,4374703,DEPARTMENT OF HEALTH & HUMAN SERVICES
2/26/2025,"COLUMBUS, OH",6721,Termination via Mass Mod,114278,495935,SMALL BUSINESS ADMINISTRATION
2/26/2025,"MADISON, WI",2975,Termination via Mass Mod,121221,272995,FOOD AND DRUG ADMINISTRATION
2/26/2025,"STEVENS POINT, WI",15843,Termination via Mass Mod,448204,896408,RURAL HOUSING SERVICE
2/26/2025,"MADISON, WI",1486,Termination via Mass Mod,37494,144941,DEPARTMENTAL MANAGEMENT (IG)
2/26/2025,"WAUWATOSA, WI",6757,Termination via Mass Mod,187375,513869,FOOD AND DRUG ADMINISTRATION
2/26/2025,"MADISON, WI",6254,Termination via Mass Mod,204103,408205,FEDERAL HIGHWAY ADMINISTRATION
2/26/2025,"MADISON, WI",2477,Termination via Mass Mod,50150,141656,FEDERAL MOTOR CARRIER SAFETY ADMINISTRATION
2/26/2025,"TOPEKA, KS",10020,Termination via Mass Mod,230522,153470,RURAL HOUSING SERVICE
2/26/2025,"KANSAS CITY, MO",1995,Termination via Mass Mod,41260,87380,INTERNATIONAL TRADE ADMINISTRATION
2/26/2025,"KANSAS CITY, MO",11465,Termination via Mass Mod,267450,758387,OFFICE OF THE SECRETARY
2/26/2025,"COLUMBIA, MO",52257,Termination via Mass Mod,813748,2307478,RURAL HOUSING SERVICE
2/26/2025,"KANSAS CITY, MO",9549,Termination via Mass Mod,203156,414660,SMALL BUSINESS ADMINISTRATION
2/26/2025,"LITTLE ROCK, AR",17878,Termination via Mass Mod,316603,1161456,SMALL BUSINESS ADMINISTRATION
2/26/2025,"ROSWELL, NM",5635,Termination via Mass Mod,88639,765934,FARM SERVICE AGENCY - COUNTY
2/26/2025,"SILVER CITY, NM",29554,Termination via Mass Mod,549937,1892386,FOREST SERVICE
2/26/2025,"OKLAHOMA CITY, OK",1182,Termination via Mass Mod,22990,95865,INTERNATIONAL TRADE ADMINISTRATION
2/26/2025,"LONGVIEW, TX",2400,Termination via Mass Mod,63624,219112,MINE SAFETY HEALTH ADMINISTRATION
2/26/2025,"NACOGDOCHES, TX",6234,Termination via Mass Mod,169756,97203,FARM SERVICE AGENCY- STATE
2/26/2025,"GONZALES, TX",2675,Termination via Mass Mod,57959,203572,FARM SERVICE AGENCY - COUNTY
2/26/2025,"FORT COLLINS, CO",7803,Termination via Mass Mod,312042,969467,ANIMAL AND PLANT HEALTH INSPECTION SERVICE
2/26/2025,"FORT COLLINS, CO",43599,Termination via Mass Mod,606301,2466731,FOREST SERVICE
2/26/2025,"COLORADO SPRINGS, CO",875,Termination via Mass Mod,29227,7367,"EMPLOYMENT STANDARDS ADMINISTRATION, WAGE AND HOUR DIVI"
2/26/2025,"LAKEWOOD, CO",21015,Termination via Mass Mod,448920,980245,"CORPS OF ENGINEERS, CIVIL"
2/26/2025,"DENVER, CO",86809,Termination via Mass Mod,2905174,9455746,OFFICE OF THE SECRETARY
2/26/2025,"DENVER, CO",3885,Termination via Mass Mod,161893,344190,INTERNATIONAL TRADE ADMINISTRATION
2/26/2025,"MISSOULA, MT",8310,Termination via Mass Mod,275892,575216,NATURAL RESOURCES CONSERVATION SERVICE
2/26/2025,"BISMARCK, ND",28954,Termination via Mass Mod,546859,1342426,ANIMAL AND PLANT HEALTH INSPECTION SERVICE
2/26/2025,"BOUNTIFUL, UT",2961,Termination via Mass Mod,50160,137974,"CORPS OF ENGINEERS, CIVIL"
2/26/2025,"LOGAN, UT",7500,Termination via Mass Mod,164729,481550,FARM SERVICE AGENCY - COUNTY
2/26/2025,"CHEYENNE, WY",2311,Termination via Mass Mod,45187,53357,FEDERAL MOTOR CARRIER SAFETY ADMINISTRATION
2/26/2025,"TUCSON, AZ",7335,Termination via Mass Mod,287894,327331,BUREAU OF THE CENSUS
2/26/2025,"PHOENIX, AZ",36750,Termination via Mass Mod,1194475,3586697,INTERNATIONAL TRADE ADMINISTRATION
2/26/2025,"BAKERSFIELD, CA",7306,Termination via Mass Mod,146079,372202,FARM SERVICE AGENCY - COUNTY
2/26/2025,"STOCKTON, CA",33204,Termination via Mass Mod,1167743,2991342,BUREAU OF PRISONS
2/26/2025,"EUREKA, CA",823,Termination via Mass Mod,19793,66483,NATIONAL OCEANIC ATMOSPHERIC ADMINISTRATION
2/26/2025,"MOUNT SHASTA, CA",536,Termination via Mass Mod,12000,52997,FOREST SERVICE
2/26/2025,"SAN JOSE, CA",4859,Termination via Mass Mod,222339,128530,FOOD AND DRUG ADMINISTRATION
2/26/2025,"SAN CLEMENTE, CA",21450,Termination via Mass Mod,704094,995377,FOOD AND DRUG ADMINISTRATION
2/26/2025,"BLYTHE, CA",980,Termination via Mass Mod,27758,0,NATURAL RESOURCES CONSERVATION SERVICE
2/26/2025,"SAN DIEGO, CA",3328,Termination via Mass Mod,90904,77206,INTERNATIONAL TRADE ADMINISTRATION
2/26/2025,"ANCHORAGE, AK",27770,Termination via Mass Mod,1179873,7884136,FOREST SERVICE
2/26/2025,"ANCHORAGE, AK",4031,Termination via Mass Mod,179985,89746,SMALL BUSINESS ADMINISTRATION
2/26/2025,"BOISE, ID",5156,Termination via Mass Mod,111448,28091,NATIONAL OCEANIC ATMOSPHERIC ADMINISTRATION
2/26/2025,"OLYMPIA, WA",3458,Termination via Mass Mod,75857,871420,ANIMAL AND PLANT HEALTH INSPECTION SERVICE
2/26/2025,"OLYMPIA, WA",2069,Termination via Mass Mod,60270,145639,FEDERAL MOTOR CARRIER SAFETY ADMINISTRATION
2/26/2025,"TACOMA, WA",842,Termination via Mass Mod,21345,40702,"EMPLOYMENT STANDARDS ADMINISTRATION, WAGE AND HOUR DIVI"
2/26/2025,"RICHLAND, WA",979,Termination via Mass Mod,19539,55085,"EMPLOY. STANDARDS ADMIN., OFC OF WORKERS' COMP. PRGMS"
2/26/2025,"RENTON, WA",1451,Termination via Mass Mod,47625,166753,NATURAL RESOURCES CONSERVATION SERVICE
2/26/2025,"POMEROY, WA",10516,Termination via Mass Mod,181638,1454102,FOREST SERVICE
2/26/2025,"SEATTLE, WA",12867,Termination via Mass Mod,420795,0,SMALL BUSINESS ADMINISTRATION
2/25/2025,"MIDDLETOWN, CT",2730,Termination via Mass Mod,102849,454792,INTERNATIONAL TRADE ADMINISTRATION
2/25/2025,"NORTHBOROUGH, MA",20893,Termination via Mass Mod,358733,1518472,GEOLOGICAL SURVEY
2/25/2025,"BOYLSTON, MA",2360,Termination via Mass Mod,56349,101119,FOOD AND DRUG ADMINISTRATION
2/25/2025,"FALMOUTH, ME",2999,Termination via Mass Mod,71369,254583,UNITED STATES FISH AND WILDLIFE SERVICE
2/25/2025,"SUNCOOK, PEMBROKE, NH",12560,Termination via Mass Mod,242102,685846,GEOLOGICAL SURVEY
2/25/2025,"MANCHESTER, NH",3201,Termination via Mass Mod,98552,231664,"EMPLOYMENT STANDARDS ADMINISTRATION, WAGE AND HOUR DIVI"
2/25/2025,"DOVER, NH",6988,Termination via Mass Mod,136292,19043,NATURAL RESOURCES CONSERVATION SERVICE
2/25/2025,"PORTSMOUTH, NH",1099,Termination via Mass Mod,31432,48311,INTERNATIONAL TRADE ADMINISTRATION
2/25/2025,"WARWICK, RI",4215,Termination via Mass Mod,108049,279152,FOOD AND DRUG ADMINISTRATION
2/25/2025,"EAST PROVIDENCE, RI",2400,Termination via Mass Mod,59161,212006,FOOD AND DRUG ADMINISTRATION
2/25/2025,"BURLINGTON, VT",2343,Termination via Mass Mod,71954,77079,DEPARTMENT OF HOUSING AND URBAN DEVELOPMENT
2/25/2025,"MOUNTAINSIDE, NJ",4876,Termination via Mass Mod,128580,21489,BUREAU OF LABOR STATISTICS
2/25/2025,"BUFFALO, NY",2168,Termination via Mass Mod,65379,101383,"EMPLOY. STANDARDS ADMIN., OFC OF WORKERS' COMP. PRGMS"
2/25/2025,"FOREST HILLS, NY",5070,Termination via Mass Mod,308437,598284,"EMPLOYMENT STANDARDS ADMINISTRATION, WAGE AND HOUR DIVI"
2/25/2025,"HATO REY, PR",20683,Termination via Mass Mod,552319,552319,FOOD AND NUTRITION SERVICE (FNS)
2/25/2025,"HATO REY, PR",14875,Termination via Mass Mod,528245,528245,RURAL HOUSING SERVICE
2/25/2025,"GUAYNABO, PR",9462,Termination via Mass Mod,395988,863580,INTERNAL REVENUE SERVICE NATIONAL OFFICE
2/25/2025,"SAN JUAN, PR",3716,Termination via Mass Mod,154827,89927,DEPARTMENT OF HOUSING AND URBAN DEVELOPMENT
2/25/2025,"SAN JUAN, PR",4951,Termination via Mass Mod,200235,216693,FEDERAL HIGHWAY ADMINISTRATION
2/25/2025,"UTUADO, PR",5750,Termination via Mass Mod,155653,58423,FARM SERVICE AGENCY - COUNTY
2/25/2025,"SAN JUAN, PR",4573,Termination via Mass Mod,187109,202487,ADMINISTRATION FOR CHILDERN AND FAMILIES
2/25/2025,"MAYAGUEZ, PR",2678,Termination via Mass Mod,64524,116144,FARM SERVICE AGENCY- STATE
2/25/2025,"HATO REY, PR",12409,Termination via Mass Mod,443557,811770,NATIONAL LABOR RELATIONS BOARD
2/25/2025,"ARECIBO, PR",4360,Termination via Mass Mod,178801,457044,FARM SERVICE AGENCY - COUNTY
2/25/2025,"MAYAGUEZ, PR",2991,Termination via Mass Mod,105463,88993,RURAL HOUSING SERVICE
2/25/2025,"CHRISTIANSTED, VI",4439,Termination via Mass Mod,175210,336499,FARM SERVICE AGENCY- STATE
2/25/2025,"WILMINGTON, DE",3390,Termination via Mass Mod,94261,156757,SMALL BUSINESS ADMINISTRATION
2/25/2025,"DOVER, DE",5724,Termination via Mass Mod,112332,156034,GEOLOGICAL SURVEY
2/25/2025,"DOVER, DE",28512,Termination via Mass Mod,576712,47401,FARM SERVICE AGENCY- STATE
2/25/2025,"BALTIMORE, MD",3404,Termination via Mass Mod,93371,152463,ANIMAL AND PLANT HEALTH INSPECTION SERVICE
2/25/2025,"BALTIMORE, MD",9139,Termination via Mass Mod,254174,603751,"EMPLOYMENT STANDARDS ADMINISTRATION, WAGE AND HOUR DIVI"
2/25/2025,"SALISBURY, MD",826,Termination via Mass Mod,10882,2802,NATIONAL OCEANIC ATMOSPHERIC ADMINISTRATION
2/25/2025,"NORTHFIELD, NJ",1035,Termination via Mass Mod,29579,46435,NATIONAL OCEANIC ATMOSPHERIC ADMINISTRATION
2/25/2025,"EWING TOWNSHIP, NJ",7646,Termination via Mass Mod,216234,418843,FEDERAL HIGHWAY ADMINISTRATION
2/25/2025,"DOWNINGTOWN, PA",5452,Termination via Mass Mod,102968,231608,GEOLOGICAL SURVEY
2/25/2025,"WILLIAMSPORT, PA",4839,Termination via Mass Mod,67391,141244,GEOLOGICAL SURVEY
2/25/2025,"PHILADELPHIA, PA",42995,Termination via Mass Mod,1115051,1206699,DEPARTMENT OF EDUCATION
2/25/2025,"NEW CUMBERLAND, PA",30279,Termination via Mass Mod,785961,488803,GEOLOGICAL SURVEY
2/25/2025,"RICHMOND, VA",2986,Termination via Mass Mod,45955,91909,ANIMAL AND PLANT HEALTH INSPECTION SERVICE
2/25/2025,"MARTINSBURG, WV",2230,Termination via Mass Mod,62811,65220,NATIONAL PARK SERVICE
2/25/2025,"MOBILE, AL",2200,Termination via Mass Mod,62676,108696,"EMPLOYMENT STANDARDS ADMINISTRATION, WAGE AND HOUR DIVI"
2/25/2025,"MONTGOMERY, AL",30881,Termination via Mass Mod,608234,49992,RURAL HOUSING SERVICE
2/25/2025,"DAPHNE, AL",7087,Termination via Mass Mod,149655,313660,UNITED STATES FISH AND WILDLIFE SERVICE
2/25/2025,"NAPLES, FL",4862,Termination via Mass Mod,115035,230070,NATIONAL PARK SERVICE
2/25/2025,"HAINES CITY, FL",5139,Termination via Mass Mod,102400,78553,ANIMAL AND PLANT HEALTH INSPECTION SERVICE
2/25/2025,"MIAMI, FL",35927,Termination via Mass Mod,1483967,5439856,U.S. AGNY FOR GL MED
2/25/2025,"KEY LARGO, FL",7993,Termination via Mass Mod,252011,1449237,NATIONAL OCEANIC ATMOSPHERIC ADMINISTRATION
2/25/2025,"OCALA, FL",5591,Termination via Mass Mod,120502,250907,RURAL HOUSING SERVICE
2/25/2025,"HOLLYWOOD, FL",3000,Termination via Mass Mod,79365,79365,BUREAU OF INDIAN AFFAIRS
2/25/2025,"FORT WALTON BEACH, FL",15264,Termination via Mass Mod,430699,1063177,BUREAU OF LABOR STATISTICS
2/25/2025,"DULUTH, GA",8574,Termination via Mass Mod,184341,568679,FEDERAL ENERGY REGULATORY COMMISSION
2/25/2025,"GRIFFIN, GA",3772,Termination via Mass Mod,30810,2532,NATURAL RESOURCES CONSERVATION SERVICE
2/25/2025,"ATLANTA, GA",27526,Termination via Mass Mod,634642,634642,SMALL BUSINESS ADMINISTRATION
2/25/2025,"ATLANTA, GA",35330,Termination via Mass Mod,738352,738352,UNITED STATES FISH AND WILDLIFE SERVICE
2/25/2025,"LEXINGTON-FAYETTE, KY",9600,Termination via Mass Mod,176031,557994,OFFICE OF SURFACE MINING AND REGULATION ENFORCEMENT
2/25/2025,"BEAVER DAM, KY",2814,Termination via Mass Mod,65454,172690,MINE SAFETY HEALTH ADMINISTRATION
2/25/2025,"PRESTONSBURG, KY",7378,Termination via Mass Mod,143326,454324,MINE SAFETY HEALTH ADMINISTRATION
2/25/2025,"JACKSON, MS",14840,Termination via Mass Mod,284889,1211365,UNITED STATES FISH AND WILDLIFE SERVICE
2/25/2025,"JACKSON, MS",3043,Termination via Mass Mod,64704,236303,OFFICE OF THE INSPECTOR GENERAL
2/25/2025,"GULFPORT, MS",8608,Termination via Mass Mod,200308,83965,ENVIRONMENTAL PROTECTION AGENCY
2/25/2025,"GREENWOOD, MS",7500,Termination via Mass Mod,123000,287449,NATURAL RESOURCES CONSERVATION SERVICE
2/25/2025,"GOLDSBORO, NC",5881,Termination via Mass Mod,114297,162208,NATURAL RESOURCES CONSERVATION SERVICE
2/25/2025,"WILKESBORO, NC",5970,Termination via Mass Mod,104475,8587,NATURAL RESOURCES CONSERVATION SERVICE
2/25/2025,"RALEIGH, NC",10397,Termination via Mass Mod,306333,612666,EQUAL EMPLOYMENT OPPORTUNITY COMMISSION
2/25/2025,"CHARLOTTE, NC",5316,Termination via Mass Mod,104520,0,GEOLOGICAL SURVEY
2/25/2025,"HENDERSONVILLE, NC",5358,Termination via Mass Mod,111756,0,FARM SERVICE AGENCY - COUNTY
2/25/2025,"RIDGELAND, SC",2212,Termination via Mass Mod,46387,3813,NATURAL RESOURCES CONSERVATION SERVICE
2/25/2025,"GREENVILLE, SC",4989,Termination via Mass Mod,128616,380916,EQUAL EMPLOYMENT OPPORTUNITY COMMISSION
2/25/2025,"NASHVILLE, TN",14004,Termination via Mass Mod,388552,777105,FOOD AND DRUG ADMINISTRATION
2/25/2025,"MEMPHIS, TN",12305,Termination via Mass Mod,323607,701297,FOOD AND DRUG ADMINISTRATION
2/25/2025,"NASHVILLE, TN",4133,True Termination- Agency Closed Office,142577,0,SOCIAL SECURITY ADMINISTRATION
2/25/2025,"PEORIA, IL",1155,Termination via Mass Mod,19026,33256,FOOD AND DRUG ADMINISTRATION
2/25/2025,"CHICAGO, IL",13531,Termination via Mass Mod,471820,943641,FEDERAL TRANSIT ADMINISTRATION
2/25/2025,"SPRINGFIELD, IL",3253,Termination via Mass Mod,63848,53003,DEPARTMENTAL MANAGEMENT (IG)
2/25/2025,"SPRINGFIELD, IL",2022,Termination via Mass Mod,34756,41231,SMALL BUSINESS ADMINISTRATION
2/25/2025,"FISHERS, IN",2850,Termination via Mass Mod,53750,22531,OFFICE OF THE SECRETARY
2/25/2025,"SOUTH BEND, IN",1734,Termination via Mass Mod,29044,14403,FOOD AND DRUG ADMINISTRATION
2/25/2025,"GRIFFITH, IN",3170,Termination via Mass Mod,85467,370670,"CORPS OF ENGINEERS, CIVIL"
2/25/2025,"BAUDETTE, MN",2081,Termination via Mass Mod,22509,1850,NATURAL RESOURCES CONSERVATION SERVICE
2/25/2025,"SOUTH ST PAUL, MN",2489,Termination via Mass Mod,48315,35343,ANIMAL AND PLANT HEALTH INSPECTION SERVICE
2/25/2025,"CRANE LAKE, MN",2512,Termination via Mass Mod,44476,85175,NATIONAL PARK SERVICE
2/25/2025,"GAHANNA, OH",5292,Termination via Mass Mod,107200,339811,UNITED STATES FISH AND WILDLIFE SERVICE
2/25/2025,"CLEVELAND, OH",18996,Termination via Mass Mod,397983,16355,INTERNAL REVENUE SERVICE NATIONAL OFFICE
2/25/2025,"MANSFIELD, OH",3738,Termination via Mass Mod,46239,3800,"EMPLOYMENT STANDARDS ADMINISTRATION, WAGE AND HOUR DIVI"
2/25/2025,"CINCINNATI, OH",4449,Termination via Mass Mod,103232,146505,OFFICE OF LABOR MANAGEMENT STANDARDS
2/25/2025,"CLEVELAND, OH",9340,Termination via Mass Mod,207729,103011,FEDERAL TRADE COMMISSION
2/25/2025,"COLUMBUS, OH",20338,Termination via Mass Mod,261812,1615345,GEOLOGICAL SURVEY
2/25/2025,"NEW PHILADELPHIA, OH",2765,Termination via Mass Mod,52596,62395,GEOLOGICAL SURVEY
2/25/2025,"AMES, IA",10056,Termination via Mass Mod,216276,847327,FEDERAL HIGHWAY ADMINISTRATION
2/25/2025,"LAWRENCE, KS",4846,Termination via Mass Mod,121927,80839,FARM SERVICE AGENCY - COUNTY
2/25/2025,"TOPEKA, KS",10187,Termination via Mass Mod,289898,313725,ANIMAL AND PLANT HEALTH INSPECTION SERVICE
2/25/2025,"OVERLAND PARK, KS",11057,Termination via Mass Mod,225718,82866,NATIONAL LABOR RELATIONS BOARD
2/25/2025,"TOPEKA, KS",6572,Termination via Mass Mod,134940,12570,FEDERAL HIGHWAY ADMINISTRATION
2/25/2025,"KANSAS CITY, KS",14046,Termination via Mass Mod,278861,560778,EQUAL EMPLOYMENT OPPORTUNITY COMMISSION
2/25/2025,"MANHATTAN, KS",6932,Termination via Mass Mod,142168,84132,UNITED STATES FISH AND WILDLIFE SERVICE
2/25/2025,"KANSAS CITY, KS",69437,Termination via Mass Mod,1463756,2189619,OFFICE OF THE SECRETARY
2/25/2025,"WICHITA, KS",1700,Termination via Mass Mod,47273,76543,FOOD AND DRUG ADMINISTRATION
2/25/2025,"GLADSTONE, MO",1378,Termination via Mass Mod,28600,64330,ANIMAL AND PLANT HEALTH INSPECTION SERVICE
2/25/2025,"KANSAS CITY, MO",47639,Termination via Mass Mod,815767,1423680,DEPARTMENT OF EDUCATION
2/25/2025,"COLUMBIA, MO",15011,Termination via Mass Mod,265088,854819,UNITED STATES FISH AND WILDLIFE SERVICE
2/25/2025,"JEFFERSON CITY, MO",6440,Termination via Mass Mod,83833,29858,FEDERAL HIGHWAY ADMINISTRATION
2/25/2025,"LINCOLN, NE",10471,Termination via Mass Mod,188448,62988,FARM SERVICE AGENCY - COUNTY
2/25/2025,"PARAGOULD, AR",4900,Termination via Mass Mod,90074,213956,NATURAL RESOURCES CONSERVATION SERVICE
2/25/2025,"CONWAY, AR",5171,Termination via Mass Mod,106150,258540,NATURAL RESOURCES CONSERVATION SERVICE
2/25/2025,"NEW ORLEANS, LA",970,Termination via Mass Mod,17460,21813,BUREAU OF MINERALS MANAGEMENT SERVICE
2/25/2025,"ALBUQUERQUE, NM",22216,Termination via Mass Mod,448520,1682257,FOREST SERVICE
2/25/2025,"RATON, NM",2166,Termination via Mass Mod,32212,2648,FARM SERVICE AGENCY - COUNTY
2/25/2025,"ZUNI, NM",2117,Termination via Mass Mod,40252,20071,BUREAU OF INDIAN AFFAIRS
2/25/2025,"GALLUP, NM",2499,Termination via Mass Mod,61124,416316,FARM SERVICE AGENCY - COUNTY
2/25/2025,"CLOVIS, NM",6590,Termination via Mass Mod,151063,970116,NATURAL RESOURCES CONSERVATION SERVICE
2/25/2025,"WATONGA, OK",2850,Termination via Mass Mod,38573,64147,BUREAU OF INDIAN AFFAIRS
2/25/2025,"OKLAHOMA CITY, OK",1609,Termination via Mass Mod,20113,40225,ANIMAL AND PLANT HEALTH INSPECTION SERVICE
2/25/2025,"SEMINOLE, OK",9825,Termination via Mass Mod,184770,199957,BUREAU OF INDIAN AFFAIRS
2/25/2025,"PAWNEE, OK",7549,Termination via Mass Mod,156171,169007,BUREAU OF INDIAN AFFAIRS
2/25/2025,"SAN ANTONIO, TX",2149,Termination via Mass Mod,49427,359937,DEPARTMENTAL MANAGEMENT (IG)
2/25/2025,"HOUSTON, TX",2520,Termination via Mass Mod,56866,134452,ANIMAL AND PLANT HEALTH INSPECTION SERVICE
2/25/2025,"LONGVIEW, TX",320,Termination via Mass Mod,5101,11473,"EMPLOYMENT STANDARDS ADMINISTRATION, WAGE AND HOUR DIVI"
2/25/2025,"IRVING, TX",5788,Termination via Mass Mod,110632,402517,FOOD AND DRUG ADMINISTRATION
2/25/2025,"SAN ANTONIO, TX",14478,Termination via Mass Mod,284992,903384,NATIONAL PARK SERVICE
2/25/2025,"SAN ANGELO, TX",7510,Termination via Mass Mod,122531,203436,GEOLOGICAL SURVEY
2/25/2025,"SAN ANTONIO, TX",20950,Termination via Mass Mod,463053,2277206,UNITED STATES FISH AND WILDLIFE SERVICE
2/25/2025,"DALLAS, TX",15255,Termination via Mass Mod,423186,0,FEDERAL TRADE COMMISSION
2/25/2025,"EL PASO, TX",7973,Termination via Mass Mod,154936,306476,EQUAL EMPLOYMENT OPPORTUNITY COMMISSION
2/25/2025,"SAN ANTONIO, TX",4775,Termination via Mass Mod,116130,19408,OFFICE OF PERSONNEL MANAGEMENT
2/25/2025,"SAN ANTONIO, TX",5036,Termination via Mass Mod,129035,162973,"EMPLOYMENT STANDARDS ADMINISTRATION, WAGE AND HOUR DIVI"
2/25/2025,"BEAUMONT, TX",2404,Termination via Mass Mod,49665,17689,MARITIME ADMINISTRATION
2/25/2025,"DURANGO, CO",1245,Termination via Mass Mod,35074,39206,"CORPS OF ENGINEERS, CIVIL"
2/25/2025,"BOULDER, CO",29170,Termination via Mass Mod,913334,75069,GEOLOGICAL SURVEY
2/25/2025,"FARGO, ND",8834,True Termination- Agency Closed Office,206300,896416,NATURAL RESOURCES CONSERVATION SERVICE
2/25/2025,"BISMARCK, ND",21372,Termination via Mass Mod,429112,377384,UNITED STATES FISH AND WILDLIFE SERVICE
2/25/2025,"FORT THOMPSON, SD",4870,Termination via Mass Mod,58976,139764,BUREAU OF INDIAN AFFAIRS
2/25/2025,"SISSETON, SD",4911,Termination via Mass Mod,180008,14795,BUREAU OF INDIAN AFFAIRS
2/25/2025,"SIOUX FALLS, SD",3810,Termination via Mass Mod,86777,320718,SMALL BUSINESS ADMINISTRATION
2/25/2025,"CHEYENNE, WY",9521,Termination via Mass Mod,183415,1054760,GEOLOGICAL SURVEY
2/25/2025,"TEMPE, AZ",4176,Termination via Mass Mod,151150,1423706,FOOD AND DRUG ADMINISTRATION
2/25/2025,"PHOENIX, AZ",71591,Termination via Mass Mod,1784239,7293384,BUREAU OF INDIAN AFFAIRS
2/25/2025,"MESA, AZ",7500,Termination via Mass Mod,305100,367792,FOREST SERVICE
2/25/2025,"PHOENIX, AZ",32162,Termination via Mass Mod,719682,1439364,FOREST SERVICE
2/25/2025,"NOGALES, AZ",2506,Termination via Mass Mod,68551,114001,FEDERAL MOTOR CARRIER SAFETY ADMINISTRATION
2/25/2025,"YUMA, AZ",4541,Termination via Mass Mod,123878,391660,FARM SERVICE AGENCY - COUNTY
2/25/2025,"TUCSON, AZ",4791,Termination via Mass Mod,126942,708786,UNITED STATES FISH AND WILDLIFE SERVICE
2/25/2025,"PHOENIX, AZ",22915,Termination via Mass Mod,562209,1336979,EQUAL EMPLOYMENT OPPORTUNITY COMMISSION
2/25/2025,"APPLE VALLEY, CA",3755,Termination via Mass Mod,78724,328269,"CORPS OF ENGINEERS, CIVIL"
2/25/2025,"TEMECULA, CA",3531,Termination via Mass Mod,111187,315284,BUREAU OF RECLAMATION
2/25/2025,"LOS ANGELES, CA",20885,Termination via Mass Mod,826113,387028,INTERNATIONAL TRADE ADMINISTRATION
2/25/2025,"WOODLAND, CA",5240,Termination via Mass Mod,117085,146276,FARM SERVICE AGENCY - COUNTY
2/25/2025,"MONTEREY PARK, CA",6917,Termination via Mass Mod,193399,361895,DEPARTMENTAL MANAGEMENT (IG)
2/25/2025,"ONTARIO, CA",8559,Termination via Mass Mod,253213,427340,PIPELINE & HAZARDOUS MATERIALS SAFETY ADMIN (PHMSA)
2/25/2025,"LOMPOC, CA",5400,Termination via Mass Mod,127062,223142,FAS REG 09 MAINTENANCE CONTROL CENTER
2/25/2025,"LOS ANGELES, CA",7100,Termination via Mass Mod,313985,552270,FEDERAL HIGHWAY ADMINISTRATION
2/25/2025,"SALINAS, CA",7829,Termination via Mass Mod,172395,85489,NATURAL RESOURCES CONSERVATION SERVICE
2/25/2025,"CAMARILLO, CA",27345,Termination via Mass Mod,868837,3532477,BUREAU OF MINERALS MANAGEMENT SERVICE
2/25/2025,"MADERA, CA",3858,Termination via Mass Mod,115740,96080,NATURAL RESOURCES CONSERVATION SERVICE
2/25/2025,"WEAVERVILLE, CA",4980,Termination via Mass Mod,182784,501,BUREAU OF RECLAMATION
2/25/2025,"ORANGE, CA",2082,Termination via Mass Mod,82733,287637,"EMPLOYMENT STANDARDS ADMINISTRATION, WAGE AND HOUR DIVI"
2/25/2025,"LOS ANGELES, CA",13541,Termination via Mass Mod,572420,1391059,ENVIRONMENTAL PROTECTION AGENCY
2/25/2025,"HILO, HI",4638,Termination via Mass Mod,164391,150429,NATIONAL OCEANIC ATMOSPHERIC ADMINISTRATION
2/25/2025,"SAIPAN ISLAND, MP",3600,Termination via Mass Mod,136952,204865,NATURAL RESOURCES CONSERVATION SERVICE
2/25/2025,"ELKO, NV",4760,Termination via Mass Mod,134297,257924,BUREAU OF INDIAN AFFAIRS
2/25/2025,"FAIRBANKS, AK",4446,Termination via Mass Mod,144092,83692,NATURAL RESOURCES CONSERVATION SERVICE
2/25/2025,"WASILLA, AK",4200,Termination via Mass Mod,100700,565024,NATURAL RESOURCES CONSERVATION SERVICE
2/25/2025,"IDAHO FALLS, ID",13681,Termination via Mass Mod,69756,488672,NATIONAL OCEANIC ATMOSPHERIC ADMINISTRATION
2/25/2025,"BOISE, ID",5179,Termination via Mass Mod,111193,1025719,FEDERAL HIGHWAY ADMINISTRATION
2/25/2025,"SALEM, OR",6589,Termination via Mass Mod,158557,927450,FEDERAL HIGHWAY ADMINISTRATION
2/25/2025,"SALEM, OR",2200,Termination via Mass Mod,50786,285097,FEDERAL MOTOR CARRIER SAFETY ADMINISTRATION
2/25/2025,"BEND, OR",3386,Termination via Mass Mod,94681,729692,BUREAU OF RECLAMATION
2/25/2025,"CORVALLIS, OR",6849,Termination via Mass Mod,202142,1425515,GEOLOGICAL SURVEY
2/25/2025,"PORTLAND, OR",4987,Termination via Mass Mod,87362,135710,NATURAL RESOURCES CONSERVATION SERVICE
2/25/2025,"KLAMATH FALLS, OR",8913,Termination via Mass Mod,72848,0,GEOLOGICAL SURVEY
2/25/2025,"SPOKANE VALLEY, WA",13196,Termination via Mass Mod,260022,2210543,GEOLOGICAL SURVEY
2/25/2025,"PUYALLUP, WA",2930,Termination via Mass Mod,85745,307038,NATURAL RESOURCES CONSERVATION SERVICE
2/25/2025,"HYATTSVILLE, MD",76372,True Termination- Move to Federal Space,2568071,4390347,DEPT OF TREASURY-BUREAU OF THE FISCAL SERVICE
2/24/2025,"STAMFORD, CT",1380,Termination via Mass Mod,71191,308951,ENVIRONMENTAL PROTECTION AGENCY
2/24/2025,"NEW LONDON, CT",1303,Termination via Mass Mod,41732,104502,OFFICE OF ADMINISTRATIVE LAW JUDGES
2/24/2025,"SPRINGFIELD, MA",894,Termination via Mass Mod,20562,61742,SMALL BUSINESS ADMINISTRATION
2/24/2025,"LOWELL, MA",3900,GSA and NPS identified this as a termination project,44853,152377,NATIONAL PARK SERVICE
2/24/2025,"SUTTON, MA",1273,Termination via Mass Mod,33554,68672,ANIMAL AND PLANT HEALTH INSPECTION SERVICE
2/24/2025,"EVERETT, MA",2789,Termination via Mass Mod,122029,387151,AGRICULTURAL MARKETING SERVICE
2/24/2025,"AMHERST, MA",22428,Termination via Mass Mod,484122,82234,RURAL HOUSING SERVICE
2/24/2025,"LOWELL, MA",36752,True Termination- Move to Federal Space,1189592,0,INTERNAL REVENUE SERVICE NATIONAL OFFICE
2/24/2025,"ST. JOHNSBURY, VT",5712,Termination via Mass Mod,137222,170306,NATURAL RESOURCES CONSERVATION SERVICE
2/24/2025,"SAN SEBASTIAN, PR",1810,Termination via Mass Mod,75610,56760,NATURAL RESOURCES CONSERVATION SERVICE
2/24/2025,"JESSUP, MD",1160,Termination via Mass Mod,30481,92028,AGRICULTURAL MARKETING SERVICE
2/24/2025,"STATE COLLEGE, PA",443,Termination via Mass Mod,12232,45912,"EMPLOYMENT STANDARDS ADMINISTRATION, WAGE AND HOUR DIVI"
2/24/2025,"HARRISBURG, PA",34467,Termination via Mass Mod,714397,150708,RURAL HOUSING SERVICE
2/24/2025,"HAMPTON, VA",911,Batch 1 Termination. Effective date of 6.30.25,17890,6911,NATIONAL OCEANIC ATMOSPHERIC ADMINISTRATION
2/24/2025,"COCOA, FL",1088,Termination via Mass Mod,15518,26487,"FED ACQUISITION SRVC REG 04, FLEET MGMT FACILITIES"
2/24/2025,"SEFFNER, FL",1525,Termination via Mass Mod,21855,7365,NATIONAL OCEANIC ATMOSPHERIC ADMINISTRATION
2/24/2025,"HAZARD, KY",1652,True Termination- Agency Closed Office,38031,6147,SOCIAL SECURITY ADMINISTRATION
2/24/2025,"LEXINGTON-FAYETTE, KY",1200,True Termination- Agency Closed Office,15143,15434,SMALL BUSINESS ADMINISTRATION
2/24/2025,"GREENSBORO, NC",5846,Early Termination,107197,357127,EQUAL EMPLOYMENT OPPORTUNITY COMMISSION
2/24/2025,"GREENSBORO, NC",30123,True Termination- Agency Closed Office,731294,2436313,NATURAL RESOURCES CONSERVATION SERVICE
2/24/2025,"RALEIGH, NC",5287,True Termination- Move to Federal Space,142636,0,BU ALC TOB FRMS XPL
2/24/2025,"WILMINGTON, NC",4349,True Termination- Agency Closed Office,53011,84963,"CORPS OF ENGINEERS, CIVIL"
2/24/2025,"GREENSBORO, NC",648,True Termination- Agency Closed Office,10928,14641,SMALL BUSINESS ADMINISTRATION
2/24/2025,"AIKEN, SC",2250,True Termination- Agency Closed Office,43133,205027,SAVANNAH RIVER OPERATIONS OFFICE
2/24/2025,"CARMEL, IN",247,Termination via Mass Mod,4199,11907,FEDERAL ENERGY REGULATORY COMMISSION
2/24/2025,"DAVENPORT, IA",695,Termination via Mass Mod,12312,37442,FOOD AND DRUG ADMINISTRATION
2/24/2025,"JONESBORO, AR",2340,Agency approved lease termination,64998,197132,SOCIAL SECURITY ADMINISTRATION
2/24/2025,"TEXARKANA, AR",1436,Agency approved lease termination,25643,37797,SOCIAL SECURITY ADMINISTRATION
2/24/2025,"LITTLE ROCK, AR",3974,Agency approved lease termination,85875,0,USDA AMS
2/24/2025,"UVALDE, TX",920,Termination via Mass Mod,20070,58615,ANIMAL AND PLANT HEALTH INSPECTION SERVICE
2/24/2025,"HARLINGEN, TX",612,Termination via Mass Mod,8874,15559,"EMPLOYMENT STANDARDS ADMINISTRATION, WAGE AND HOUR DIVI"
2/24/2025,"ABILENE, TX",1342,Agency approved of termination,26261,39859,SOCIAL SECURITY ADMINISTRATION
2/24/2025,"GRAND JUNCTION, CO",1444,True Termination- Agency Closed Office,25217,119868,UNITED STATES FISH AND WILDLIFE SERVICE
2/24/2025,"PABLO, MT",620,Termination via Mass Mod,10418,885,BUREAU OF INDIAN AFFAIRS
2/24/2025,"HELENA, MT",1810,True Termination- Agency Closed Office,39248,26129,FEDERAL MOTOR CARRIER SAFETY ADMINISTRATION
2/24/2025,"SIOUX FALLS, SD",2553,Termination via Mass Mod,67904,164272,OFFICE OF THE SECRETARY
2/24/2025,"MONTICELLO, UT",4233,Termination via Mass Mod,83856,104992,FARM SERVICE AGENCY - COUNTY
2/24/2025,"SHOW LOW, AZ",460,Termination via Mass Mod,11013,6487,SMALL BUSINESS ADMINISTRATION
2/24/2025,"OXNARD, CA",1209,Termination via Mass Mod,53075,75323,NATURAL RESOURCES CONSERVATION SERVICE
2/24/2025,"SEWARD, AK",922,Termination via Mass Mod,22665,24590,NATIONAL OCEANIC ATMOSPHERIC ADMINISTRATION
2/24/2025,"JUNEAU, AK",1595,Termination via Mass Mod,20520,1743,NATIONAL OCEANIC ATMOSPHERIC ADMINISTRATION
2/24/2025,"PALMER, AK",19716,Termination via Mass Mod,540911,2867571,RURAL HOUSING SERVICE
2/24/2025,"BOISE, ID",44623,Termination via Mass Mod,1204491,5623156,NATURAL RESOURCES CONSERVATION SERVICE
2/21/2025,"HORSEHEADS, NY",11400,Agency response on no longer a need for space provided by Portfolio.,311690,0,SOCIAL SECURITY ADMINISTRATION
2/21/2025,"MOBILE, AL",5118,True Termination- Agency Closed Office,112596,244009,EQUAL EMPLOYMENT OPPORTUNITY COMMISSION
2/21/2025,"GADSDEN, AL",1450,True Termination- Agency Closed Office,32357,67462,SOCIAL SECURITY ADMINISTRATION
2/21/2025,"MELBOURNE, FL",570,True Termination- Agency Closed Office,8862,0,SMALL BUSINESS ADMINISTRATION
2/21/2025,"OXFORD, MS",600,True Termination- Agency Closed Office,9228,16535,JD US MARSHALS SRV
2/21/2025,"PEARL, MS",7161,True Termination- Agency Closed Office,112316,0,USDA NRCS
2/21/2025,"COLLIERVILLE, TN",2190,True Termination- Agency Closed Office,40141,139779,FED MED & CONCIL SRV
2/21/2025,"PORTSMOUTH, OH",1415,True Termination- Agency Closed Office,36706,92317,SOCIAL SECURITY ADMINISTRATION
2/21/2025,"ST. LOUIS, MO",4237,True Termination- Agency Closed Office,122625,337639,FED MED & CONCIL SRV
2/21/2025,"CRAIG, CO",4328,"Termination details are still being finalized. The lessor and customer have been notified, and the strategy is under development.",184283,77247,MINE SAFETY HEALTH ADMINISTRATION
2/21/2025,"SHELBY, MT",16292,True Termination- Agency Closed Office,363559,0,BORDER PATROL FACILITIES
2/21/2025,"BISMARCK, ND",0,True Termination- Agency Closed Office,2016,2563,FAS REG8 FLT MGT FAC
2/21/2025,"CHICO, CA",315,True Termination- Agency Closed Office,7560,0,SMALL BUSINESS ADMINISTRATION
2/21/2025,"PORTLAND, OR",5485,Agency indicated they could release this space if replacement space was procured. ,132796,0,AGRICULTURAL MARKETING SERVICE
2/21/2025,"HERNDON, VA",4539,True Termination- Agency Closed Office,129438,5319,BUR OF INDUSTRY & SECURITY
2/20/2025,"HARTFORD, CT",0,True Termination- Agency Closed Office,8400,23382,FAS REG1 FLT MGT FAC
2/20/2025,"JACKSONVILLE, FL",12353,True Termination- Agency Closed Office,243409,0,USA AFR
2/20/2025,"MELBOURNE, FL",1415,True Termination- Agency Closed Office,59697,263973,SOCIAL SECURITY ADMINISTRATION
2/20/2025,"ST. JOSEPH, MO",1449,True Termination- Consolidation,34598,0,FEDERAL BUREAU OF INVESTIGATION
2/20/2025,"BOULDER, CO",3830,"Termination details are still being finalized. The lessor and customer have been notified, and the strategy is under development.",85086,399788,GEOLOGICAL SURVEY
2/20/2025,"WATERTOWN, SD",7869,True Termination- Agency Closed Office,238328,294482,FARM SERVICE AGENCY - COUNTY
2/20/2025,"YREKA, CA",6242,True Termination: Agency Approved Termination,126132,129242,FARM SERVICE AGENCY - COUNTY
2/20/2025,"ARLINGTON, VA",88469,True Termination- Move to Federal Space,3016102,0,LD MINE SAFE HEALTH
2/19/2025,"ROCK ISLAND, IL",10895,Agency moving to Rock Island Leased Courthouse,192352,192352,U.S. IMMIGRATION & CUSTOMS ENFORCEMENT (ICE)
2/18/2025,"RENSSELAER, NY",115,True Termination- Vacant Space Buyout,2500,48,FPS-DHS-MGMT
2/18/2025,"SAINT AUGUSTINE, FL",4045,Agency entering into a license agreement with Northrop Grumman for their space,78878,0,DOD DEF CONT MGT AGY
2/18/2025,"ROCKFORD, IL",1743,True Termination- Agency Closed Office,36768,62355,SOCIAL SECURITY ADMINISTRATION
2/14/2025,"CHATTANOOGA, TN",1023,True Termination- Agency Closed Office,19938,5026,DHS-CBP FIELD OPERATIONS FACILITIES
2/14/2025,"ST. LOUIS, MO",3392,True Termination- Agency Closed Office,85087,0,DEFENSE COUNTERINTELLIGENCE AND SECURITY AGENCY â€“ DOD W
2/13/2025,"ATLANTA, GA",7682,True Termination- Agency Closed Office,128233,545957,DHS UNITED STATES SECRET SERVICE
2/13/2025,"ATLANTA, GA",8360,True Termination- Move to Federal Space,223483,12858,FTC
2/13/2025,"WASHINGTON, DC",59681,True Termination- Move to Federal Space,2774013,0,DHS UNDERSEC FOR MGM
2/13/2025,"SILVER SPRING, MD",64471,True Termination- Agency Closed Office,2006132,0,HHS FDA
2/13/2025,"DERWOOD, MD",29744,True Termination- Agency Closed Office,884357,0,HHS FDA
2/12/2025,"CHARLOTTE AMALIE, VI",1277,True Termination- Agency Closed Office,67411,0,ENVIRONMENTAL PROTECTION AGENCY
2/12/2025,"MERRILL, WI",393,True Termination- Agency Closed Office,6067,6067,DEFENSE CONTRACT MANAGEMENT AGENCY- NATIONAL
2/12/2025,"FOLSOM, CA",1330,True Termination- Agency Closed Office,39208,78417,DOE FERC
2/12/2025,"LAS VEGAS, NV",1895,True Termination- Move to Federal Space,65406,17203,SSA-OFFICE OF THE INSPECTOR GENERAL
2/12/2025,"WASHINGTON, DC",66390,True Termination- Move to Federal Space,2385019,0,OFFICE OF MANAGEMENT
2/12/2025,"LORTON, VA",15280,True Termination- Agency Closed Office,342689,0,General Services Administration
2/11/2025,"RANCHO CORDOVA, CA",18414,True Termination- Agency Closed Office,221355,442710,VBA
2/11/2025,"WASHINGTON, DC",0,True Termination- Agency Closed Office,42000,5293,DHS UNITED STATES SECRET SERVICE
2/10/2025,"SAN JOSE, CA",4562,True Termination- Agency Closed Office,257302,0,DEF CONT MANA AGNEY
2/10/2025,"WASHINGTON, DC",17593,True Termination- Agency Closed Office,795617,0,USDA FS
2/7/2025,"HOFFMAN ESTATES, IL",73573,True Termination- Consolidation,1480913,746542,NATIONAL ARCHIVES CENTERS
2/7/2025,"SANTA MARIA, CA",6440,True Termination- Agency Direct Lease,118513,237027,GEOLOGICAL SURVEY
2/7/2025,"MENLO PARK, CA",20000,True Termination- Agency Direct Lease,1800000,0,ID GEOLOGICAL SURVEY
2/6/2025,"MCLEANSVILLE, NC",6913,True Termination- Agency Closed Office,156339,347800,DOD DCAA
2/6/2025,"ROANOKE RAPIDS, NC",982,True Termination- Lease Backfill,24000,0,SOCIAL SECURITY ADMINISTRATION
2/6/2025,"OKEMOS, MI",4276,True Termination- Agency Closed Office,108966,0,SOCIAL SECURITY ADMINISTRATION
2/6/2025,"COLUMBUS, OH",3999,True Termination- Move to Federal Space,81059,0,SOCIAL SECURITY ADMINISTRATION
2/6/2025,"COLUMBUS, OH",61371,True Termination- Move to Federal Space,1525086,0,BANKRUPTCY CLERK
2/6/2025,"TOLEDO, OH",6834,True Termination- Move to Federal Space,146733,0,PROBATION
2/6/2025,"FAIRFIELD, OH",124569,True Termination- Agency Closed Office,478213,58958,NATIONAL ARCHIVES CENTERS
2/6/2025,"GREEN BAY, WI",976,True Termination- Consolidation,26229,0,SOCIAL SECURITY ADMINISTRATION
2/6/2025,"BATESVILLE, AR",2891,True Termination- Agency Direct Lease,43365,43365,FARM SERVICE AGENCY - COUNTY
2/6/2025,"BATESVILLE, AR",3403,True Termination- Agency Direct Lease,51045,0,RURAL HOUSING SERVICE
2/6/2025,"BATESVILLE, AR",1470,True Termination- Lease Backfill,22050,0,NATURAL RESOURCES CONSERVATION SERVICE
2/6/2025,"BATESVILLE, AR",1934,True Termination- Agency Direct Lease,29010,0,SOCIAL SECURITY ADMINISTRATION
2/6/2025,"CARNEGIE, OK",0,True Termination- Agency Closed Office,2798,6241,BUREAU OF INDIAN AFFAIRS
2/6/2025,"BROKEN BOW, OK",2325,True Termination- Agency Closed Office,30612,60050,UNITED STATES FISH AND WILDLIFE SERVICE
2/6/2025,"BROWNSVILLE, TX",748,True Termination- Agency Closed Office,18287,91487,General Services Administration
2/6/2025,"EL PASO, TX",3409,True Termination- Move to Federal Space,75290,150373,ID GEOLOGICAL SURVEY
2/6/2025,"MCALLEN, TX",2597,True Termination- Agency Closed Office,79520,284746,ID FISH&WLF SRVC
2/6/2025,"WASHINGTON, DC",30193,True Termination- Agency Closed Office,1462643,0,DOE FERC
2/5/2025,"BUFFALO, NY",37644,True Termination- Consolidation,1020916,0,SENATE
2/5/2025,"BUFFALO, NY",18163,True Termination- Consolidation,548896,0,"FAS, REG02 FLEET MANAGEMENT FACILITIES"
2/5/2025,"BIRMINGHAM, AL",3853,True Termination- Move to Federal Space,101211,113412,NATIONAL LABOR RELATIONS BOARD
2/5/2025,"JACKSONVILLE, FL",1155,True Termination- Move to Federal Space,27616,7566,DEFENSE COUNTERINTELLIGENCE AND SECURITY AGENCY â€“ DOD W
2/5/2025,"MIDDLEBURG HEIGHTS, OH",1000,True Termination- Agency Closed Office,15299,0,BU ALC TOB FRMS XPL
2/5/2025,"MILWAUKEE, WI",7322,True Termination- Move to Federal Space,186700,36829,DEFENSE CONTRACT MANAGEMENT AGENCY- NATIONAL
2/5/2025,"FAYETTEVILLE, AR",440,True Termination- Move to Federal Space,11096,0,"EMPLOYMENT STANDARDS ADMINISTRATION, WAGE AND HOUR DIVI"
2/5/2025,"ALBUQUERQUE, NM",5624,True Termination- Consolidation,67317,336585,DOD JTO
2/5/2025,"LAS CRUCES, NM",1120,True Termination- Move to Federal Space,27109,8690,VETERANS BENEFITS ADMINISTRATION
2/5/2025,"HOUSTON, TX",555,True Termination- Agency Closed Office,13547,67771,FED MARITIME COMM
2/5/2025,"AUBURN, CA",1228,True Termination- Agency Closed Office,31025,62051,USAF DEPT
2/4/2025,"NORTH ANDOVER CENTER, MA",5300,True Termination- Consolidation,116190,69396,DRUG ENFORCEMENT ADMINISTRATION
2/4/2025,"LEBANON, NH",959,True Termination- Agency Closed Office,29098,0,SMALL BUSINESS ADMINISTRATION
2/4/2025,"REHOBOTH BEACH, DE",1300,True Termination- Agency Closed Office,120000,0,DHS USSS
2/4/2025,"REHOBOTH BEACH, DE",2400,True Termination- Agency Closed Office,308975,0,DHS USSS
2/4/2025,"WILMINGTON, DE",2350,True Termination- Agency Closed Office,89250,0,DOD WHS
2/4/2025,"REHOBOTH BEACH, DE",2740,True Termination- Agency Closed Office,156300,0,DOD DISA
2/4/2025,"WILMINGTON, DE",13441,True Termination- Agency Closed Office,528160,0,DHS USSS
2/4/2025,"WILMINGTON, DE",0,True Termination- Agency Closed Office,249975,0,DHS UNITED STATES SECRET SERVICE
2/4/2025,"PHILADELPHIA, PA",1000,True Termination- Agency Closed Office,39348,0,DHS USSS
2/4/2025,"MOBILE, AL",23860,True Termination- Agency Direct Lease,722044,0,"CORPS OF ENGINEERS, CIVIL"
2/4/2025,"CHAMPAIGN, IL",2958,True Termination- Agency Closed Office,57893,0,TD OFF CMPT CRRNCY
2/4/2025,"DAYTON, OH",2257,True Termination- Agency Closed Office,33574,0,JD US TRUSTEES
2/4/2025,"AKRON, OH",3201,True Termination- Move to Federal Space,48404,0,DEFENSE CONTRACT MANAGEMENT AGENCY- NATIONAL
2/4/2025,"MADISON, WI",2871,True Termination- Agency Closed Office,58142,290868,ID FISH&WLF SRVC
2/4/2025,"DAVENPORT, IA",351,True Termination- Agency Closed Office,6435,20555,LD BAT
2/4/2025,"AUSTIN, TX",0,True Termination- Agency Closed Office,139440,23304,U.S. IMMIGRATION & CUSTOMS ENFORCEMENT (ICE)
2/4/2025,"ABILENE, TX",4998,True Termination- Agency Closed Office,68743,0,DHS TSA
2/4/2025,"CARLSBAD, CA",3579,True Termination- Consolidation,116449,134634,SOCIAL SECURITY ADMINISTRATION
2/4/2025,"YAKIMA, WA",330,True Termination- Vacant Space Buyout,2580,1647,JD DRUG ENF
2/4/2025,"SEATTLE, WA",23394,True Termination- Move to Federal Space,1052732,0,GOVERNMENT ACCOUNTABILITY OFFICE
2/3/2025,"LOGAN, WV",7852,True Termination- Agency Closed Office,196028,0,SSA
2/3/2025,"LOS ANGELES, CA",6610,True Termination- Agency Closed Office,463440,0,DOD WHS
2/3/2025,"WASHINGTON, DC",5255,True Termination- Consolidation,266445,0,DEPARTMENT OF EDUCATION
2/2/2025,"TOPEKA, KS",5560,True Termination- Agency Closed Office,121818,974547,USDA RMA
1/31/2025,"NEW YORK, NY",250,True Termination- Agency Closed Office,63000,0,DHS USSS
1/31/2025,"NEW YORK, NY",0,True Termination- Agency Closed Office,1786302,0,U.S. IMMIGRATION & CUSTOMS ENFORCEMENT (ICE)
1/31/2025,"NEW YORK, NY",0,True Termination- Agency Closed Office,1879921,0,U.S. IMMIGRATION & CUSTOMS ENFORCEMENT (ICE)
1/31/2025,"WASHINGTON, DC",22195,True Termination- Move to Federal Space,1060029,0,FIELD OFFICES
1/31/2025,"RIVERDALE PARK, MD",5598,True Termination- Consolidation,198065,0,CD NOAA
1/30/2025,"SPRINGFIELD, IL",3860,True Termination- Move to Federal Space,62102,150406,PBS -FIELD OFFICE
1/30/2025,"PHOENIX, AZ",46567,True Termination- Consolidation,1168475,0,PUBLIC DEFENDER SERVICE
1/30/2025,"PHOENIX, AZ",2193,True Termination- Vacant Space Buyout,44990,224948,FED MED & CONCIL SRV
1/30/2025,"LOS ANGELES, CA",1200,True Termination- Agency Closed Office,35340,0,DHS USSS
1/30/2025,"LOS ANGELES, CA",16439,True Termination- Agency Closed Office,599399,0,GAO
1/30/2025,"SAN DIEGO, CA",9563,True Termination- Vacant Space Buyout,348817,1744084,BU ALC TOB FRMS XPL
1/30/2025,"BREA, CA",2551,True Termination- Vacant Space Buyout,74556,0,USDA FSIS
1/30/2025,"WASHINGTON, DC",46821,True Termination- Move to Federal Space,2097020,1419079,AID
1/30/2025,"WASHINGTON, DC",2061,True Termination- Agency Closed Office,71820,0,DHS USSS
1/30/2025,"WASHINGTON, DC",845389,True Termination- Consolidation,26357330,0,ARCHITECT OF THE CAPITOL-SENATE
1/29/2025,"WHITE PLAINS, NY",16632,True Termination- Consolidation,511908,0,SOCIAL SECURITY ADMINISTRATION
1/29/2025,"MIDDLEBURG HEIGHTS, OH",5421,True Termination- Agency Closed Office,96568,193136,USA AFR
1/29/2025,"ARLINGTON, VA",55043,True Termination- Consolidation,2595912,0,DHS UNDERSEC FOR MGM
1/29/2025,"ARLINGTON, VA",49662,True Termination- Consolidation,2440578,0,DHS UNDERSEC FOR MGM
1/27/2025,"CHARLOTTESVILLE, VA",3719,True Termination- Agency Closed Office,124121,0,DOD DEF CONT MGT AGY
1/27/2025,"ATLANTA, GA",119812,True Termination- Agency Direct Lease,2490197,2074027,CENTER FOR DISEASE CONTROL
1/22/2025,"MIAMI, FL",3076,True Termination- Lease Backfill,112278,0,STATE DEPT
1/22/2025,"CINCINNATI, OH",3068,True Termination- Move to Federal Space,75739,0,BUREAU OF PRISONS
1/22/2025,"KANSAS CITY, KS",51138,True Termination- Lease Backfill,903731,1346931,BUREAU OF PRISONS
